classification	failing_test
PRE-EXISTING	report request path is GET only and cannot mutate attribution state
PRE-EXISTING	database aggregation is scoped and has no 5,000-observation application bound
PRE-EXISTING	measurement epoch and healthy days require durable scoped evidence
PRE-EXISTING	stored comparison, pending identity, unavailable latency and payment path are explicit
PRE-EXISTING	conflict drill-down compares Everflow once per scoped transaction cohort
PRE-EXISTING	commerce API and runtime entrypoints remain present
PRE-EXISTING	review workspace keeps candidate resolution read-only
PRE-EXISTING	review workspace preserves the existing affiliate/source chargeback report
PRE-EXISTING	live disputes do not present opaque buyer IDs as customers or assume currency and order certainty
PRE-EXISTING	dispute review does not present unverified currency or provider buyer reference as customer identity
PRE-EXISTING	chargeback routes use same-origin JSON while Worker APIs keep their configured base
PRE-EXISTING	tests/commas-deep-reconciliation-cadence-lifecycle.test.ts
PRE-EXISTING	scheduled deep bound survives scheduler, queue, runtime, and worker
PRE-EXISTING	product mapping decisions are append-only, tenant-scoped, and expected-version guarded
PRE-EXISTING	normal imports preserve an explicit product mapping and historical order identity
PRE-EXISTING	tests/commerce-product-mapping-workflow.test.ts
PRE-EXISTING	ingestion is service-role only and transport remains absent
PRE-EXISTING	Core validator accepts every pinned canonical Edge v1 fixture
PRE-EXISTING	Core validator rejects raw IP even when hidden in an optional v1 field
PRE-EXISTING	advertiser source identity is network scoped and never globally unique
PRE-EXISTING	advertiser persistence is idempotent and browser access is denied
PRE-EXISTING	affiliate source identity is network scoped and never globally unique
PRE-EXISTING	affiliate migration denies direct browser access
PRE-EXISTING	affiliate endpoints use authenticated application routes
PRE-EXISTING	conversion sync snapshots evidence before ingest and finalizes metrics afterward
PRE-EXISTING	Step 7 extends protected Everflow conversion evidence instead of inventing another conversion table
PRE-EXISTING	API conversion evidence is tenant, provider-account, and sync-run scoped
PRE-EXISTING	overlap reads are idempotent and cannot move a persisted event primary key
PRE-EXISTING	conversion sync uses durable runs, checkpoints, leases, and the Step 6 order resolver
PRE-EXISTING	Step 8 preserves distinct Everflow provider states in a protected history table
PRE-EXISTING	Step 8 observes post-conversion events without replacing the Step 7 latest-state projection
PRE-EXISTING	offer source identity is connection scoped and advertiser ownership is retained
PRE-EXISTING	offer migration denies direct browser access
PRE-EXISTING	email fallback is guarded by time and amount when amount is available
PRE-EXISTING	email alone is never treated as deterministic transaction identity
PRE-EXISTING	Everflow has an isolated authenticated five-minute Vercel cron trigger
PRE-EXISTING	Everflow conversion sync persists observable run metrics
PRE-EXISTING	top-level unaffiliated session resolution selects bootstrap only for an empty installation
PRE-EXISTING	Connections overview preserves the approved commerce provider roadmap
PRE-EXISTING	navigation exposes canonical Investigation URL only when Product/Admin capability is effective
PRE-EXISTING	M11 execution permission is limited to privileged operator roles
PRE-EXISTING	M11 Shopify proof is hard-bound to approved Stem Labs target and one topic
PRE-EXISTING	M11 Shopify proof selects only an unoccupied TraceKit topic and fails closed if none exists
PRE-EXISTING	tests/m11-shopify-webhook-rollback.test.ts
PRE-EXISTING	M12 readiness does not itself enable reusable production execution
PRE-EXISTING	M12 plan operation remains bound but unavailable until a later execution exposure slice
PRE-EXISTING	M12 tool remains governed by disabled named capability
PRE-EXISTING	M12 adapter rejects even authorized consumed envelope while registry exposure is disabled
PRE-EXISTING	M12 adapter cannot be enabled by envelope executionAvailable field
PRE-EXISTING	M12 caller-safe orchestration remains disabled at the named capability gate
PRE-EXISTING	M12 confirmation within five minutes reaches disabled capability gate
PRE-EXISTING	M12 disabled capability rejects before durable authorization issuance
PRE-EXISTING	M12 eligibility inspection derives execution capability from registry
PRE-EXISTING	M12 current registry remains disabled while resolution faithfully reflects registry state
PRE-EXISTING	M12 end-to-end governed chain is complete up to the single named exposure gate
PRE-EXISTING	M12 proof completion remains separate from reusable M13 activation
PRE-EXISTING	M12 both permissions reach capability gate but execution remains disabled
PRE-EXISTING	M12 does not enable inspect_evidence before caller-safe governed orchestration exists
PRE-EXISTING	M12 server proof authorizes only exact non-mutating inspect_evidence boundary
PRE-EXISTING	M12 resolves an existing M9 inspect_evidence plan to its exact capability
PRE-EXISTING	M12 bounded adapter still rejects while production registry disabled
PRE-EXISTING	M12 readiness now names MCP tool exposure and acceptance proof as remaining blockers
PRE-EXISTING	M12 eligibility cannot be enabled by caller supplied execution state
PRE-EXISTING	M12 fully satisfied governance remains blocked while registry exposure is disabled
PRE-EXISTING	M12 replay reads authorization by id and org before rebuilding envelope
PRE-EXISTING	M13 actual MCP customer repository classifies Core failures
PRE-EXISTING	M13 live replay failure restores inspect_evidence execution gate
PRE-EXISTING	M13 readiness records deterministic replay as unresolved
PRE-EXISTING	M13 enables only the named TraceKit non-mutating journey evidence capability
PRE-EXISTING	M13 keeps every external or provider-configuration capability disabled
PRE-EXISTING	M13 restore does not enable external provider capabilities
PRE-EXISTING	M13 MCP customer Core reads use authoritative organization tenant scope
PRE-EXISTING	M13 completion leaves external provider execution disabled
PRE-EXISTING	M13 server-side customer repository resolves relative internal API through explicit app origin
PRE-EXISTING	M13 browser customer reads remain relative same-origin
PRE-EXISTING	M13 customer repository does not route internal API through Journey external API base
PRE-EXISTING	M14 durable orchestration contains atomic consume, result persistence and replay branches
PRE-EXISTING	M14.4 does not expose a Commas execution MCP tool
PRE-EXISTING	M14 confirm accepts only opaque intent id and execute tool is reference-only
PRE-EXISTING	M14 diagnostic reports boundary booleans/counts without secret or payload fields
PRE-EXISTING	tests/m14-commas-test-delivery-orchestration.test.ts
PRE-EXISTING	M14 leaves Shopify provider configuration mutation disabled
PRE-EXISTING	worker resumes after highest completed page and pauses at chunk boundary
PRE-EXISTING	tests/m15-shopify-controlled-exposure.test.ts
PRE-EXISTING	M15 execution remains disabled and unexposed while orchestration is built
PRE-EXISTING	M15 persists exact created id before rollback
PRE-EXISTING	M15 replay returns durable prior result without provider create delete
PRE-EXISTING	tests/m15-shopify-intent-recovery.test.ts
PRE-EXISTING	M16 Connections governed actions remain read only
PRE-EXISTING	tests/m16-provider-action-contract.test.ts
PRE-EXISTING	tests/m16-provider-action-discovery.test.ts
PRE-EXISTING	M16 Connections UI can prepare but cannot confirm or execute
PRE-EXISTING	M17 live Everflow remediation derives only from authorized Connections experience
PRE-EXISTING	M17 live Everflow remediation reports exact connection identity
PRE-EXISTING	M17 remediation health API is authenticated and read only
PRE-EXISTING	tests/m17-shopify-webhook-remediation.test.ts
PRE-EXISTING	M9 live-safe eligibility inspection reports every unsatisfied future execution gate
PRE-EXISTING	M9 eligibility inspection cannot grant confirm enable or execute
PRE-EXISTING	M3 bearer diagnostics classify safe pre-signature failures
PRE-EXISTING	M3 route diagnostics never log authorization value
PRE-EXISTING	M3 response diagnostic exposes only fixed auth reason codes
PRE-EXISTING	M6 deviation detection remains descriptive and non-predictive
PRE-EXISTING	M10 exact confirmed envelope can become authorized but never executable in foundation slice
PRE-EXISTING	M9 governance contract remains non-mutating
PRE-EXISTING	order projection removes financial and sensitive fields without capabilities
PRE-EXISTING	M5 emits deterministic customer Journey order and shared-transaction relationships
PRE-EXISTING	migration versions remain unique and the reconciled dependency order is exact
PRE-EXISTING	MCP tools/list exposes only approved read-only tools
PRE-EXISTING	tests/mcp-read-service.test.ts
PRE-EXISTING	M8 remains advisory and contains no execution or repair path
PRE-EXISTING	M2 tool catalog is read-only and contains only approved tools
PRE-EXISTING	tests/meta-connection-ui.test.ts
PRE-EXISTING	tests/meta-oauth-foundation.test.ts
PRE-EXISTING	persistent Offers use canonical catalog while development keeps reviewed mock workspace
PRE-EXISTING	an additional Product/Admin Account membership cannot displace the Organization session
PRE-EXISTING	tests/push-button-system-catalog.test.ts
PRE-EXISTING	server session reads persisted context and validates against accessible contexts
PRE-EXISTING	rejects an unavailable persisted Shopify bulk operation
PRE-EXISTING	order reads split refund reconciliation into independent bounded Shopify requests
PRE-EXISTING	fully refunded Shopify order normalizes as REFUNDED even when displayFinancialStatus remains PAID
PRE-EXISTING	Shopify M6 scheduler reuses the certified incremental runtime with bounded leases
PRE-EXISTING	business contexts come from active persistent access and catalog rows
