rank,provider_product_id,provider_product_row_id,title,internal_name,description,observed_price,latest_observed_price,currency,orders,gross_revenue,revenue_share_pct,cumulative_revenue_share_pct,refund_count,refund_amount,first_transaction_at,last_transaction_at,first_seen_at,last_seen_at,current_status,integrity_status,mapping_version,mapping_decision_count,current_business_context_id,current_canonical_offer_id,current_offer_step_id,current_variant_id,unresolved_alert_open,unresolved_work_item_open,candidate_class,candidate_canonical_offer,candidate_offer_step,candidate_variant,evidence_strength,operator_action
"1","o2GYY","148557b5-5315-509f-a50a-25a9db0a2a25","Push Button System","","","67","67","","50153","4875267.58","47.3357","47.3357","1997","170226.55","2025-11-14T01:38:15+00:00","2026-08-29T21:04:56+00:00","2026-08-23T11:50:45+00:00","2026-08-29T21:04:56+00:00","review_required","unmapped","unmapped-v1","0","","","","","true","true","C","","","","insufficient_no_authorized_canonical_targets","Create and authorize canonical catalog target, then make one explicit reviewed decision"
"2","v2Pg8","a792d29e-7c29-5673-9942-1c2b81a6414f","OTO1-gold","","","297","297","","7270","2159190","20.9643","68.3","283","75081.6","2025-11-14T05:47:47+00:00","2026-08-25T21:17:23+00:00","2026-08-20T02:05:50+00:00","2026-08-25T21:17:23+00:00","review_required","unmapped","unmapped-v1","0","","","","","true","true","C","","","","insufficient_no_authorized_canonical_targets","Create and authorize canonical catalog target, then make one explicit reviewed decision"
"3","BBwgQ","5f4160a4-6f3d-500f-b030-e27ae489ff48","OTO2-platinum","","","299","299","","2947","881153","8.5554","76.8554","121","32621.2","2025-11-14T06:04:15+00:00","2026-08-25T21:18:30+00:00","2026-08-20T02:06:09+00:00","2026-08-25T21:18:30+00:00","review_required","unmapped","unmapped-v1","0","","","","","true","true","C","","","","insufficient_no_authorized_canonical_targets","Create and authorize canonical catalog target, then make one explicit reviewed decision"
"4","Jz71g","649b5a59-e6e2-5b8a-adbd-83638101a3c5","Push Button System New","","","67","67","","8451","709249","6.8863","83.7418","126","9516","2026-07-22T15:25:47+00:00","2026-08-30T04:37:32+00:00","2026-08-21T05:05:01+00:00","2026-08-30T04:37:32+00:00","review_required","unmapped","unmapped-v1","0","","","","","true","true","C","","","","insufficient_no_authorized_canonical_targets","Create and authorize canonical catalog target, then make one explicit reviewed decision"
"5","ADvn9","d47cbded-1704-5dd5-914c-c5061ff6131f","OTO1ds2-gold","","","97","97","","2645","256565","2.4911","86.2328","92","8521.45","2025-11-14T15:10:57+00:00","2026-08-16T02:38:37+00:00","2026-08-16T02:38:37+00:00","2026-08-16T02:38:37+00:00","review_required","unmapped","unmapped-v1","0","","","","","true","true","C","","","","insufficient_no_authorized_canonical_targets","Create and authorize canonical catalog target, then make one explicit reviewed decision"
"6","EKjlY","923f1f80-0d8c-5c3e-a62c-5e3e3fa5c70a","SUPER AFFILIATE","","","499","499","","454","226546","2.1996","88.4325","0","0","2026-07-25T00:05:45+00:00","2026-08-30T02:17:54+00:00","2026-08-23T20:23:22+00:00","2026-08-30T02:17:54+00:00","review_required","unmapped","unmapped-v1","0","","","","","true","true","C","","","","insufficient_no_authorized_canonical_targets","Create and authorize canonical catalog target, then make one explicit reviewed decision"
"7","yPV86","cb55dd65-162e-5a66-b0a2-a2af5a482aca","OTO1ds1-gold","","","197","197","","1123","221231","2.148","90.5805","37","6609.85","2025-11-15T10:35:17+00:00","2026-08-20T02:12:55+00:00","2026-08-20T02:12:55+00:00","2026-08-20T02:12:55+00:00","review_required","unmapped","unmapped-v1","0","","","","","true","true","C","","","","insufficient_no_authorized_canonical_targets","Create and authorize canonical catalog target, then make one explicit reviewed decision"
"8","G6BZK","b96d7421-bb5f-5015-b38d-e7292fb6a11c","OTO2ds2-platinum","","","99","99","","1823","180477","1.7523","92.3328","73","6835.95","2025-11-14T17:51:07+00:00","2026-08-20T02:14:59+00:00","2026-08-20T02:14:59+00:00","2026-08-20T02:14:59+00:00","review_required","unmapped","unmapped-v1","0","","","","","true","true","C","","","","insufficient_no_authorized_canonical_targets","Create and authorize canonical catalog target, then make one explicit reviewed decision"
"9","ERzlW","55a0891c-20be-5977-821f-15b42512b9c1","OTO2ds1-platinum","","","199","199","","686","136514","1.3255","93.6582","24","4119.3","2025-11-14T08:41:44+00:00","2026-07-25T19:23:21+00:00","2026-07-25T19:23:21+00:00","2026-07-25T19:23:21+00:00","review_required","unmapped","unmapped-v1","0","","","","","true","true","C","","","","insufficient_no_authorized_canonical_targets","Create and authorize canonical catalog target, then make one explicit reviewed decision"
"10","KApOM","9f4db497-2d84-55f4-a724-7755d5bed8c7","GOLD","","","295","295","","416","122720","1.1915","94.8498","0","0","2026-07-25T00:10:23+00:00","2026-08-30T03:34:35+00:00","2026-08-23T20:25:20+00:00","2026-08-30T03:34:35+00:00","review_required","unmapped","unmapped-v1","0","","","","","true","true","C","","","","insufficient_no_authorized_canonical_targets","Create and authorize canonical catalog target, then make one explicit reviewed decision"
"11","GwlZL","77a24238-bd14-5d41-a41a-003d8a8f8fb4","GROWTH PARTNER","","","249","249","","425","105825","1.0275","95.8773","3","747","2026-06-13T00:05:30+00:00","2026-08-30T03:29:21+00:00","2026-08-21T03:14:57+00:00","2026-08-30T03:29:21+00:00","review_required","unmapped","unmapped-v1","0","","","","","true","true","C","","","","insufficient_no_authorized_canonical_targets","Create and authorize canonical catalog target, then make one explicit reviewed decision"
"12","VJEPv","657d3650-dee6-5e0a-944f-16d80c481526","DIAMOND","","","297","297","","243","72171","0.7007","96.578","0","0","2026-07-25T00:13:20+00:00","2026-08-29T19:54:24+00:00","2026-08-23T20:28:57+00:00","2026-08-29T19:54:24+00:00","review_required","unmapped","unmapped-v1","0","","","","","true","true","C","","","","insufficient_no_authorized_canonical_targets","Create and authorize canonical catalog target, then make one explicit reviewed decision"
"13","6YERV","bda38308-d341-55ab-a958-70e2d8cdcda1","MYSTERY BOX","","","247","247","","232","57304","0.5564","97.1344","0","0","2026-07-25T00:16:52+00:00","2026-08-29T21:57:55+00:00","2026-08-23T20:32:28+00:00","2026-08-29T21:57:55+00:00","review_required","unmapped","unmapped-v1","0","","","","","true","true","C","","","","insufficient_no_authorized_canonical_targets","Create and authorize canonical catalog target, then make one explicit reviewed decision"
"14","4KV26","9199efe2-4f30-5bb4-8219-5dbd3872825c","Push Button System New 5","","","67","67","","542","46668","0.4531","97.5875","3","201","2026-08-12T19:58:41+00:00","2026-08-30T03:53:18+00:00","2026-08-23T05:04:11+00:00","2026-08-30T03:53:18+00:00","review_required","unmapped","unmapped-v1","0","","","","","true","true","C","","","","insufficient_no_authorized_canonical_targets","Create and authorize canonical catalog target, then make one explicit reviewed decision"
"15","OJwyY","daf18681-8452-57b6-bc24-101f1aa73aef","BRONZE","","","95","95","","361","34295","0.333","97.9205","8","760","2026-06-13T00:05:59+00:00","2026-08-30T01:53:16+00:00","2026-08-23T14:51:44+00:00","2026-08-30T01:53:16+00:00","review_required","unmapped","unmapped-v1","0","","","","","true","true","C","","","","insufficient_no_authorized_canonical_targets","Create and authorize canonical catalog target, then make one explicit reviewed decision"
"16","4WBRV","3efb6004-1815-56d9-aa95-b23275b105f9","SAPPHIRE","","","97","97","","282","27354","0.2656","98.1861","3","291","2026-06-13T00:06:34+00:00","2026-08-29T21:37:20+00:00","2026-08-23T04:43:26+00:00","2026-08-29T21:37:20+00:00","review_required","unmapped","unmapped-v1","0","","","","","true","true","C","","","","insufficient_no_authorized_canonical_targets","Create and authorize canonical catalog target, then make one explicit reviewed decision"
"17","N7v9D","239c31bd-21b1-549a-80a1-f367f68e5548","SILVER","","","195","195","","132","25740","0.2499","98.436","0","0","2026-07-25T01:15:16+00:00","2026-08-29T23:34:29+00:00","2026-08-21T03:16:26+00:00","2026-08-29T23:34:29+00:00","review_required","unmapped","unmapped-v1","0","","","","","true","true","C","","","","insufficient_no_authorized_canonical_targets","Create and authorize canonical catalog target, then make one explicit reviewed decision"
"18","0EGXL","71c691fc-b6f0-53b5-834f-a150a0dab0ea","Gold - NU2","","","297","297","","84","24948","0.2422","98.6782","0","0","2026-07-29T18:38:49+00:00","2026-08-30T02:03:29+00:00","2026-08-23T15:06:57+00:00","2026-08-30T02:03:29+00:00","review_required","unmapped","unmapped-v1","0","","","","","true","true","C","","","","insufficient_no_authorized_canonical_targets","Create and authorize canonical catalog target, then make one explicit reviewed decision"
"19","ZvpxR","128b3689-ca23-544e-843d-fc0266300473","GROWTH PARTNER Discounted","","","199","199","","104","20696","0.2009","98.8792","2","398","2026-07-22T19:15:18+00:00","2026-08-28T17:44:01+00:00","2026-08-23T00:55:31+00:00","2026-08-28T17:44:01+00:00","review_required","unmapped","unmapped-v1","0","","","","","true","true","C","","","","insufficient_no_authorized_canonical_targets","Create and authorize canonical catalog target, then make one explicit reviewed decision"
"20","xz1kz","553f2fc3-5bc6-551b-b3f6-1c73b2d89bc2","Push Button System New 6","","","67","67","","151","13476","0.1308","99.01","0","0","2026-08-19T17:30:14+00:00","2026-08-30T04:12:25+00:00","2026-08-19T18:16:50+00:00","2026-08-30T04:12:25+00:00","review_required","unmapped","unmapped-v1","0","","","","","true","true","C","","","","insufficient_no_authorized_canonical_targets","Create and authorize canonical catalog target, then make one explicit reviewed decision"
"21","QAy00","9b389744-2777-58c4-96a2-018db19dd1d9","BRONZE Discounted","","","79","79","","155","12245","0.1189","99.1289","0","0","2026-06-05T00:15:02+00:00","2026-08-29T20:09:58+00:00","2026-08-23T02:05:11+00:00","2026-08-29T20:09:58+00:00","review_required","unmapped","unmapped-v1","0","","","","","true","true","C","","","","insufficient_no_authorized_canonical_targets","Create and authorize canonical catalog target, then make one explicit reviewed decision"
"22","1VyrV","52002306-9576-528e-8762-5c31368db732","RUBY","","","197","197","","60","11820","0.1148","99.2437","1","197","2026-07-22T20:03:39+00:00","2026-08-30T03:40:07+00:00","2026-08-17T15:57:09+00:00","2026-08-30T03:40:07+00:00","review_required","unmapped","unmapped-v1","0","","","","","true","true","C","","","","insufficient_no_authorized_canonical_targets","Create and authorize canonical catalog target, then make one explicit reviewed decision"
"23","7DGLy","026a5c65-3cdb-5e16-b69e-7e709b66c170","MYSTERY BOX Discounted","","","147","147","","75","11025","0.107","99.3507","1","147","2026-06-06T13:01:05+00:00","2026-08-29T19:46:29+00:00","2026-08-23T19:07:13+00:00","2026-08-29T19:46:29+00:00","review_required","unmapped","unmapped-v1","0","","","","","true","true","C","","","","insufficient_no_authorized_canonical_targets","Create and authorize canonical catalog target, then make one explicit reviewed decision"
"24","N1r82","584ba2db-574f-5be9-8066-559de2119ae6","Platinum","","","299","299","","32","9568","0.0929","99.4436","0","0","2026-08-15T04:50:18+00:00","2026-08-30T00:51:13+00:00","2026-08-23T03:02:21+00:00","2026-08-30T00:51:13+00:00","review_required","unmapped","unmapped-v1","0","","","","","true","true","C","","","","insufficient_no_authorized_canonical_targets","Create and authorize canonical catalog target, then make one explicit reviewed decision"
"25","Yr3l2","1279a29f-1c0f-524f-a23d-23d9400706c1","Super Affiliate - NU2","","","499","499","","14","6986","0.0678","99.5114","0","0","2026-08-15T04:51:52+00:00","2026-08-30T01:18:25+00:00","2026-08-22T22:43:17+00:00","2026-08-30T01:18:25+00:00","review_required","unmapped","unmapped-v1","0","","","","","true","true","C","","","","insufficient_no_authorized_canonical_targets","Create and authorize canonical catalog target, then make one explicit reviewed decision"
"26","5AD9K","7aeaeac7-7463-5c08-91d0-f2f0902938c7","Sapphire Discounted","","","75","75","","92","6900","0.067","99.5784","1","75","2026-06-06T13:00:48+00:00","2026-08-30T00:56:14+00:00","2026-08-22T20:34:16+00:00","2026-08-30T00:56:14+00:00","review_required","unmapped","unmapped-v1","0","","","","","true","true","C","","","","insufficient_no_authorized_canonical_targets","Create and authorize canonical catalog target, then make one explicit reviewed decision"
"27","pByXV","b8937495-2a5a-5494-954e-4213f0904e69","Gold Discounted 2 - NU2","","","97","97","","59","5723","0.0556","99.634","0","0","2026-07-30T22:36:48+00:00","2026-08-30T02:29:22+00:00","2026-08-23T12:21:07+00:00","2026-08-30T02:29:22+00:00","review_required","unmapped","unmapped-v1","0","","","","","true","true","C","","","","insufficient_no_authorized_canonical_targets","Create and authorize canonical catalog target, then make one explicit reviewed decision"
"28","y7LJn","3c294e83-2011-533e-8d27-33a1551433a2","Platinum Discounted 2 - NU2","","","99","99","","51","5049","0.049","99.683","0","0","2026-07-30T19:20:44+00:00","2026-08-30T03:57:33+00:00","2026-08-23T15:12:07+00:00","2026-08-30T03:57:33+00:00","review_required","unmapped","unmapped-v1","0","","","","","true","true","C","","","","insufficient_no_authorized_canonical_targets","Create and authorize canonical catalog target, then make one explicit reviewed decision"
"29","q6zw2","1dcf50c0-6449-52b2-ab5c-28c880a14948","Growth Partner Discounted - NU2","","","75","75","","57","4275","0.0415","99.7245","0","0","2026-07-29T18:39:37+00:00","2026-08-30T04:01:26+00:00","2026-08-22T17:02:41+00:00","2026-08-30T04:01:26+00:00","review_required","unmapped","unmapped-v1","0","","","","","true","true","C","","","","insufficient_no_authorized_canonical_targets","Create and authorize canonical catalog target, then make one explicit reviewed decision"
"30","rVWgL","db17ee55-baf7-5301-af7f-9ccaadbbd48f","Push Button System New 3","","","67","67","","45","3822","0.0371","99.7616","0","0","2026-08-05T21:45:56+00:00","2026-08-30T03:28:34+00:00","2026-08-23T15:16:01+00:00","2026-08-30T03:28:34+00:00","review_required","unmapped","unmapped-v1","0","","","","","true","true","C","","","","insufficient_no_authorized_canonical_targets","Create and authorize canonical catalog target, then make one explicit reviewed decision"
"31","lXrMM","8017d583-45de-5c6b-b92c-bdaf9e246ca6","Gold Discounted - NU2","","","197","197","","17","3349","0.0325","99.7942","0","0","2026-08-12T21:19:22+00:00","2026-08-29T06:31:36+00:00","2026-08-22T16:54:06+00:00","2026-08-29T06:31:36+00:00","review_required","unmapped","unmapped-v1","0","","","","","true","true","C","","","","insufficient_no_authorized_canonical_targets","Create and authorize canonical catalog target, then make one explicit reviewed decision"
"32","KE1Ox","7042bf87-d735-5145-a8c1-f6854fe13cc7","Push Button System New 4","","","67","67","","41","3156","0.0306","99.8248","1","67","2026-08-12T21:18:31+00:00","2026-08-28T15:45:50+00:00","2026-08-23T16:13:26+00:00","2026-08-28T15:45:50+00:00","review_required","unmapped","unmapped-v1","0","","","","","true","true","C","","","","insufficient_no_authorized_canonical_targets","Create and authorize canonical catalog target, then make one explicit reviewed decision"
"33","3ELOR","9fa187fa-3676-53e6-ad40-8c4aa7314818","Mystery Box - NU2","","","147","147","","21","3087","0.03","99.8548","0","0","2026-07-30T23:21:22+00:00","2026-08-30T00:58:05+00:00","2026-08-22T22:46:28+00:00","2026-08-30T00:58:05+00:00","review_required","unmapped","unmapped-v1","0","","","","","true","true","C","","","","insufficient_no_authorized_canonical_targets","Create and authorize canonical catalog target, then make one explicit reviewed decision"
"34","x8K7B","e65fbb9d-ac26-5863-9e81-d4fd6a2d1762","Platinum Discounted - NU2","","","199","199","","15","2985","0.029","99.8837","0","0","2026-07-29T18:39:18+00:00","2026-08-26T21:54:58+00:00","2026-08-22T16:57:53+00:00","2026-08-26T21:54:58+00:00","review_required","unmapped","unmapped-v1","0","","","","","true","true","C","","","","insufficient_no_authorized_canonical_targets","Create and authorize canonical catalog target, then make one explicit reviewed decision"
"35","0E1ML","d2854fc2-389d-58c4-b787-bce81b72087f","Push Button System","","","67","67","","27","2591","0.0252","99.9089","0","0","2026-07-30T19:20:09+00:00","2026-08-19T01:31:07+00:00","2026-08-19T01:31:07+00:00","2026-08-19T01:31:07+00:00","review_required","unmapped","unmapped-v1","0","","","","","true","true","C","","","","insufficient_no_authorized_canonical_targets","Create and authorize canonical catalog target, then make one explicit reviewed decision"
"36","1EJBm","839ba5e1-d269-5aab-bb68-c597b912f46e","Growth Partner - NU2","","","249","249","","8","1849","0.018","99.9269","0","0","2026-08-15T13:05:04+00:00","2026-08-29T22:07:21+00:00","2026-08-22T01:48:23+00:00","2026-08-29T22:07:21+00:00","review_required","unmapped","unmapped-v1","0","","","","","true","true","C","","","","insufficient_no_authorized_canonical_targets","Create and authorize canonical catalog target, then make one explicit reviewed decision"
"37","Gz3y7","f110a585-67db-502d-8da4-1c08fd6fa8d4","Mystery Box Discounted - NU2","","","47","47","","36","1692","0.0164","99.9433","0","0","2026-07-29T18:39:49+00:00","2026-08-30T02:48:41+00:00","2026-08-23T03:55:50+00:00","2026-08-30T02:48:41+00:00","review_required","unmapped","unmapped-v1","0","","","","","true","true","C","","","","insufficient_no_authorized_canonical_targets","Create and authorize canonical catalog target, then make one explicit reviewed decision"
"38","JEoZJ","15fcf759-e5c7-58ea-a6c2-8b6d17721cbe","GROWTH PARTNER Discounted","","","177","177","","6","1062","0.0103","99.9536","0","0","2026-06-06T13:00:02+00:00","2026-07-08T18:09:08+00:00","2026-07-08T18:09:08+00:00","2026-07-08T18:09:08+00:00","review_required","unmapped","unmapped-v1","0","","","","","true","true","C","","","","insufficient_no_authorized_canonical_targets","Create and authorize canonical catalog target, then make one explicit reviewed decision"
"39","N7Jr6","39fc52b2-b885-5c56-b677-bf2c5d4f2d1f","PBS $47","","","2","2","","20","949","0.0092","99.9628","3","141","2026-06-04T20:25:52+00:00","2026-07-08T18:08:47+00:00","2026-07-08T18:08:47+00:00","2026-07-08T18:08:47+00:00","review_required","unmapped","unmapped-v1","0","","","","","true","true","C","","","","insufficient_no_authorized_canonical_targets","Create and authorize canonical catalog target, then make one explicit reviewed decision"
"40","j5xMP","d334228e-7b97-58ca-b5a4-3117ce1c8187","Gold 1","","","297","297","","2","594","0.0058","99.9686","0","0","2026-08-15T17:09:59+00:00","2026-08-17T17:48:36+00:00","2026-08-17T17:48:36+00:00","2026-08-17T17:48:36+00:00","review_required","unmapped","unmapped-v1","0","","","","","true","true","C","","","","insufficient_no_authorized_canonical_targets","Create and authorize canonical catalog target, then make one explicit reviewed decision"
"41","Qj92Y","abb0394e-14ef-5192-8387-d4e1dd603694","Gold","","","297","297","","2","594","0.0058","99.9743","0","0","2026-07-29T10:48:35+00:00","2026-07-29T10:54:46+00:00","2026-07-29T10:54:46+00:00","2026-07-29T10:54:46+00:00","review_required","unmapped","unmapped-v1","0","","","","","true","true","C","","","","insufficient_no_authorized_canonical_targets","Create and authorize canonical catalog target, then make one explicit reviewed decision"
"42","6GgyV","696996c6-8876-5773-81eb-41e5a7b2b8fb","Gold Discounted 1","","","197","197","","2","394","0.0038","99.9782","0","0","2026-07-30T23:20:47+00:00","2026-08-15T20:25:39+00:00","2026-08-15T20:25:39+00:00","2026-08-15T20:25:39+00:00","review_required","unmapped","unmapped-v1","0","","","","","true","true","C","","","","insufficient_no_authorized_canonical_targets","Create and authorize canonical catalog target, then make one explicit reviewed decision"
"43","223r1","4e459ac0-31b5-507a-a2d9-a14e517de06d","Platinum 1","","","299","299","","1","299","0.0029","99.9811","0","0","2026-08-15T20:27:48+00:00","2026-08-15T20:27:48+00:00","2026-08-15T20:27:48+00:00","2026-08-15T20:27:48+00:00","review_required","unmapped","unmapped-v1","0","","","","","true","true","C","","","","insufficient_no_authorized_canonical_targets","Create and authorize canonical catalog target, then make one explicit reviewed decision"
"44","6GO2R","b1ac66e5-8a6d-5620-a53e-cb0b4d6d0653","Push Button System New 2","","","67","67","","2","262","0.0025","99.9836","0","0","2026-07-29T15:12:17+00:00","2026-07-29T18:38:31+00:00","2026-07-29T18:38:31+00:00","2026-07-29T18:38:31+00:00","review_required","unmapped","unmapped-v1","0","","","","","true","true","C","","","","insufficient_no_authorized_canonical_targets","Create and authorize canonical catalog target, then make one explicit reviewed decision"
"45","Kz0GM","bc301b77-cc18-5af8-b4fb-7264d0bad684","Growth Partner 1","","","249","249","","1","249","0.0024","99.986","0","0","2026-07-30T23:21:11+00:00","2026-07-30T23:21:11+00:00","2026-07-30T23:21:11+00:00","2026-07-30T23:21:11+00:00","review_required","unmapped","unmapped-v1","0","","","","","true","true","C","","","","insufficient_no_authorized_canonical_targets","Create and authorize canonical catalog target, then make one explicit reviewed decision"
"46","Xq1w5","87feebfa-2ced-5bef-a952-5004458cbe59","Platinum Discounted 1","","","199","199","","1","199","0.0019","99.988","0","0","2026-07-30T23:20:58+00:00","2026-07-30T23:20:58+00:00","2026-07-30T23:20:58+00:00","2026-07-30T23:20:58+00:00","review_required","unmapped","unmapped-v1","0","","","","","true","true","C","","","","insufficient_no_authorized_canonical_targets","Create and authorize canonical catalog target, then make one explicit reviewed decision"
"47","q6Go0","190613f4-8bc9-5d67-804c-87c094e7ebd3","Mystery Box Discounted 1","","","47","47","","4","188","0.0018","99.9898","0","0","2026-07-30T23:04:53+00:00","2026-07-31T14:06:44+00:00","2026-07-31T14:06:44+00:00","2026-07-31T14:06:44+00:00","review_required","unmapped","unmapped-v1","0","","","","","true","true","C","","","","insufficient_no_authorized_canonical_targets","Create and authorize canonical catalog target, then make one explicit reviewed decision"
"48","q6yZD","a1a5a833-71fc-5e1c-a98e-6c1d8942d270","PRIVATE 1V1 COACHING CALL","","","77","77","","2","154","0.0015","99.9913","0","0","2026-08-22T18:18:36+00:00","2026-08-27T20:04:28+00:00","2026-08-22T18:18:36+00:00","2026-08-27T20:04:28+00:00","review_required","unmapped","unmapped-v1","0","","","","","true","true","C","","","","insufficient_no_authorized_canonical_targets","Create and authorize canonical catalog target, then make one explicit reviewed decision"
"49","9GOV4","bb4c6553-519d-51cd-91fc-1e1e7d4dc4a7","MYSTERY BOX","","","148","148","","1","148","0.0014","99.9927","0","0","2026-07-22T20:02:34+00:00","2026-07-22T20:02:34+00:00","2026-07-22T20:02:34+00:00","2026-07-22T20:02:34+00:00","review_required","unmapped","unmapped-v1","0","","","","","true","true","C","","","","insufficient_no_authorized_canonical_targets","Create and authorize canonical catalog target, then make one explicit reviewed decision"
"50","lXDqJ","606399af-bb6a-54c8-a41e-be2c99ec1adb","BRONZE Discounted","","","70","70","","2","140","0.0014","99.9941","0","0","2026-07-22T20:03:22+00:00","2026-07-22T20:09:39+00:00","2026-07-22T20:09:39+00:00","2026-07-22T20:09:39+00:00","review_required","unmapped","unmapped-v1","0","","","","","true","true","C","","","","insufficient_no_authorized_canonical_targets","Create and authorize canonical catalog target, then make one explicit reviewed decision"
"51","lXq77","66d850be-d9d4-5f6d-806a-016a4decd3e5","FAST TRACK SUPPORT","","","39","39","","3","117","0.0011","99.9952","0","0","2026-08-26T08:08:54+00:00","2026-08-27T19:50:06+00:00","2026-08-26T14:25:18+00:00","2026-08-27T19:50:06+00:00","review_required","unmapped","unmapped-v1","0","","","","","true","true","C","","","","insufficient_no_authorized_canonical_targets","Create and authorize canonical catalog target, then make one explicit reviewed decision"
"52","n6WoE","337968ba-6b95-5362-a4a0-fc13702c93f2","Platinum Discounted 2","","","99","99","","1","99","0.001","99.9962","0","0","2026-08-05T23:40:52+00:00","2026-08-05T23:40:52+00:00","2026-08-05T23:40:52+00:00","2026-08-05T23:40:52+00:00","review_required","unmapped","unmapped-v1","0","","","","","true","true","C","","","","insufficient_no_authorized_canonical_targets","Create and authorize canonical catalog target, then make one explicit reviewed decision"
"53","WpZvQ","f1bb991b-2051-5f09-b00c-936996c10bb5","Platinum Discounted - 2","","","99","99","","1","99","0.001","99.9971","0","0","2026-07-31T13:55:47+00:00","2026-07-31T13:55:47+00:00","2026-07-31T13:55:47+00:00","2026-07-31T13:55:47+00:00","review_required","unmapped","unmapped-v1","0","","","","","true","true","C","","","","insufficient_no_authorized_canonical_targets","Create and authorize canonical catalog target, then make one explicit reviewed decision"
"54","mNWnr","4b58fadf-7cd7-5caf-a8cd-8f2d2297de0e","Gold Discounted 2","","","97","97","","1","97","0.0009","99.9981","0","0","2026-08-05T23:40:36+00:00","2026-08-05T23:40:36+00:00","2026-08-05T23:40:36+00:00","2026-08-05T23:40:36+00:00","review_required","unmapped","unmapped-v1","0","","","","","true","true","C","","","","insufficient_no_authorized_canonical_targets","Create and authorize canonical catalog target, then make one explicit reviewed decision"
"55","n7vOY","e002f7dd-4457-5e33-b500-e3f10864c38a","REVENUE BOOSTER ROADMAP","","","25","25","","3","75","0.0007","99.9988","0","0","2026-08-22T17:39:07+00:00","2026-08-29T11:17:19+00:00","2026-08-22T17:39:07+00:00","2026-08-29T11:17:19+00:00","review_required","unmapped","unmapped-v1","0","","","","","true","true","C","","","","insufficient_no_authorized_canonical_targets","Create and authorize canonical catalog target, then make one explicit reviewed decision"
"56","pLWqN","4acc474e-7354-57ec-a3bd-2a85a88b3bb9","Growth Partner Discounted","","","75","75","","1","75","0.0007","99.9995","0","0","2026-08-05T23:41:15+00:00","2026-08-05T23:41:15+00:00","2026-08-05T23:41:15+00:00","2026-08-05T23:41:15+00:00","review_required","unmapped","unmapped-v1","0","","","","","true","true","C","","","","insufficient_no_authorized_canonical_targets","Create and authorize canonical catalog target, then make one explicit reviewed decision"
"57","qLWrG","764be7cf-276a-5306-bb1b-834cf48b1013","Mystery Box Discounted","","","47","47","","1","47","0.0005","100","0","0","2026-08-05T23:41:25+00:00","2026-08-05T23:41:25+00:00","2026-08-05T23:41:25+00:00","2026-08-05T23:41:25+00:00","review_required","unmapped","unmapped-v1","0","","","","","true","true","C","","","","insufficient_no_authorized_canonical_targets","Create and authorize canonical catalog target, then make one explicit reviewed decision"
"58","7pQKA","da67458f-3628-5f4e-9db1-9f2bcbe8cc06","Testing for affiliate tracking","","","1","1","","1","0","0","100","0","0","2026-03-20T14:59:01+00:00","2026-03-20T14:59:01+00:00","2026-03-20T14:59:01+00:00","2026-03-20T14:59:01+00:00","review_required","unmapped","unmapped-v1","0","","","","","true","true","C","","","","insufficient_no_authorized_canonical_targets","Create and authorize canonical catalog target, then make one explicit reviewed decision"
